{
  "education": [
    {
      "title": "Aug 2023 - May 2025",
      "cardTitle": "Master of Science in Data Science",
      "cardSubtitle": "University of Colorado Boulder",
      "cardDetailedText": "Statistics Techniques and Application 1 and 2, AI Ethics ,Data Mining, Machine Learning,Geospatial Analytics",
      "icon": {
        "src": "images/education/cu-boulder-image.png"
      }
    },
    {
      "title": "Aug 2017 - May 2021",
      "cardTitle": "BE in Computer Science",
      "cardSubtitle": "Anna University",
      "cardDetailedText": "CGPA - 9.5",
      "icon": {
        "src": "images/education/anna-university-logo.png"
      }
    }
  ]
}
