{
  "experiences": [
    {
      "title": "Data Scientist",
      "subtitle": "Virtusa Consulting Services Pvt Ltd",
      "workType": "Full-time",
      "workDescription": [
        "Led **AI/ML** projects across diverse domains, enhancing outputs and accuracy.",
        "Utilized cloud services and custom models for comprehensive reports and streamlined operations.",
        "Implemented cutting-edge anomaly detection methods for data integrity and efficiency.",
        "Developed APIs for seamless model deployment, driving user interaction and business growth.",
        "Provided exceptional customer service, delivering tailored solutions for optimal outcomes."
      ],
      "dateText": "Sep 2021 – Jun 2023"
    },
    {
      "title": "ML Intern",
      "subtitle": "Larson and Toubro Valves Ltd",
      "workType": "Internship",
      "workDescription": [
        "Transformed 4 ML research papers into functional code, pioneering an automated document data capture solution with PyTorch and OpenCV 3.",
        "Achieved over an 80% reduction in data entry time, optimizing data processing workflows for unparalleled efficiency."
      ],
      "dateText": "May 2021 – Aug 2021"
    }
  ]
}
