{
  "logo": {
    "source": "images/logo.jpg",
    "height": 45,
    "width": 50
  },
  "sections": [
    {
      "title": "Home",
      "href": "/"
    },
    {
      "title": "About",
      "href": "/about"
    },
    {
      "title": "Skills",
      "href": "/skills"
    },
    {
      "title": "Education",
      "href": "/education"
    },
    {
      "title": "Experience",
      "href": "/experience"
    },
    {
      "title": "Projects",
      "href": "/projects"
    },
    {
      "title": "Resume",
      "href": "https://santhoshmanoharan.pythonanywhere.com/static/portfolio/santhoshresume.pdf",
      "type": "link"
    }
  ]
}
