{
  "projects": [
    {
      "image": "images/projects/battery.jpg",
      "title": "Lithium Ion Battery Discharge Capacity and Remaining Life Prediction",
      "bodyText": "This is project is part of the curriculum of the Machine Learning course CSCI 5266 -872",
      "links": [
        {
          "text": "Documentation",
          "href": "https://santhoshmanoharan.pythonanywhere.com/ml_project"
        }
      ],
      "tags": ["React", "Portfolio", "JavaScript"]
    },
    {
      "image": "images/projects/caaring-poster.png",
      "title": "Boulder BCycle Wait-time Estimation",
      "bodyText": "This analysis involves **examining usage patterns**, pinpointing critical contributing factors, and leveraging this understanding to construct a machine learning model capable of estimating wait times.",
      "links": [
        {
          "text": "Youtube",
          "href": "https://www.youtube.com/watch?v=QEBMTk4OsAE"
        },
        {
          "text": "GitHub",
          "href": "https://github.com/santhosh1299/boulder_bcycle_wait_time_estimation"
        },
        {
          "text": "Live",
          "href": "https://public.tableau.com/app/profile/niranjan.cholendiran/viz/DockWatch/DockWatch"
        }
      ],
      "tags": [
        "Data Mining ",
        "Machine learning pipeline",
        "Teamwork",
        "Machine Learning",
        "Data Visualization"
      ]
    },
    {
      "image": "images/projects/quiet-hours-poster.jpg",
      "title": "Quiet Hours App",
      "bodyText": "- An Android App that **automatically silences** your phone during class hours, designed for **VITians**.\n - Option to select class **slots** and **custom time**.\n - Option to put on Vibrate instead of Silent.",
      "links": [
        {
          "text": "GitHub",
          "href": "https://github.com/mayankagarwal09/QuietHours-Android"
        }
      ],
      "tags": ["Java", "Android", "Alarm Manager", "VIT"]
    },
    {
      "title": "Secure Chat App",
      "bodyText": "- An Android App that allows users to send texts in real time.\n - End to End encryption using **RSA** Algorithm.\n - Uses **Firebase** database to store texts.\n - Secured with **Fingerprint** lock.",
      "links": [
        {
          "text": "GitHub",
          "href": "https://github.com/mayankagarwal09/SecureChatApp"
        }
      ],
      "tags": ["Java", "Android", "Firebase", "RSA"]
    },
    {
      "title": "MVVM Sample App",
      "bodyText": "- An Android App that loads data from mock API and show in both **LinearLayout** and **GridLayout RecyclerView**.\n - Offline support using **Room** DB and **NetworkBoundResource**.\n - Uses the **MVVM** architecture.",
      "links": [
        {
          "text": "GitHub",
          "href": "https://github.com/mayankagarwal09/mvvm-sample-app"
        }
      ],
      "tags": [
        "Kotlin",
        "Android",
        "MVVM",
        "Room",
        "Coroutines",
        "Flow",
        "Hilt-Dagger",
        "NetworkBoundResource"
      ]
    }
  ]
}
